{
  "project_info": {
    "project_number": "273802351871",
    "project_id": "quantumshield-6d7d1",
    "storage_bucket": "quantumshield-6d7d1.firebasestorage.app"
  },
  "client": [
    {
      "client_info": {
        "mobilesdk_app_id": "1:273802351871:android:260929f8134578e74ea8ca",
        "android_client_info": {
          "package_name": "com.example.quantumshield"
        }
      },
      "oauth_client": [],
      "api_key": [
        {
          "current_key": "AIzaSyBD6O9HHkAZY0lJ9R7sjpaa29y1phq_-Gw"
        }
      ],
      "services": {
        "appinvite_service": {
          "other_platform_oauth_client": []
        }
      }
    }
  ],
  "configuration_version": "1"
}